sequence,type,timestamp,uptime_s,temp_c,x_mg,y_mg,z_mg
1,BOOT,2026-08-08 15:58:51,111,26.0,0,0,0
2,SHOCK,2026-08-08 15:58:58,117,26.0,-116,-392,1612
3,MOTION_START,2026-08-08 15:58:58,117,26.0,-116,-392,1612
4,SHOCK,2026-08-08 15:59:01,120,26.0,240,652,1776
5,SHOCK,2026-08-08 15:59:02,121,26.0,-252,16,6144
6,TEMP,2026-08-08 15:59:02,121,26.0,-32,72,976
7,MOTION_END,2026-08-08 15:59:03,122,26.0,8,28,1000
8,TEMP,2026-08-08 16:00:02,182,25.8,8,20,1008
9,TEMP,2026-08-08 16:01:02,242,25.6,8,20,1004
10,TEMP,2026-08-08 16:02:02,302,26.9,-12,32,996
11,TEMP,2026-08-08 16:03:02,362,26.0,16,48,976
12,TEMP,2026-08-08 16:04:02,422,26.0,4,28,1000
13,MOTION_START,2026-08-08 16:04:30,450,26.1,-80,60,1204
14,MOTION_END,2026-08-08 16:04:31,451,26.1,-612,-212,884
15,MOTION_START,2026-08-08 16:04:32,452,26.1,-144,-12,1264
16,SHOCK,2026-08-08 16:04:34,454,26.1,-352,136,1592
17,SHOCK,2026-08-08 16:04:34,454,26.1,28,12,1904
18,MOTION_END,2026-08-08 16:04:36,455,26.1,4,20,1000
19,TEMP,2026-08-08 16:05:02,482,26.2,-4,-48,1052
20,TEMP,2026-08-08 16:06:02,542,26.5,16,0,984
21,TEMP,2026-08-08 16:07:04,603,26.7,0,-28,1036
22,TEMP,2026-08-08 16:07:17,615,26.7,0,-32,1044
23,BOOT,2026-08-08 16:13:34,0,NA,0,0,0
24,SHOCK,2026-08-08 16:13:35,1,NA,8,-644,1536
25,TEMP,2026-08-08 16:13:35,1,26.3,8,-644,1536
26,SHOCK,2026-08-08 16:13:36,2,26.3,216,-808,1604
27,SHOCK,2026-08-08 16:13:37,3,26.3,212,-160,1756
28,TEMP,2026-08-08 16:14:35,61,25.6,8,132,1000
29,TEMP,2026-08-08 16:15:35,121,25.6,4,152,1008
30,SHOCK,2026-08-08 16:16:14,160,25.6,-36,-276,1780
31,TEMP,2026-08-08 16:16:35,182,25.6,16,-32,1016
32,TEMP,2026-08-08 16:17:35,242,25.7,12,-40,1020
33,TEMP,2026-08-08 16:18:35,302,25.8,12,-48,1000
34,TEMP,2026-08-08 16:19:35,362,25.6,4,-36,1008
35,TEMP,2026-08-08 16:20:35,422,25.3,12,-40,1016
36,TEMP,2026-08-08 16:21:35,482,25.0,16,-20,1024
37,TEMP,2026-08-08 16:22:37,544,24.8,0,-24,1016
38,TEMP,2026-08-08 16:23:37,604,24.5,8,-28,1016
39,TEMP,2026-08-08 16:24:37,664,24.3,4,-40,1016
40,TEMP,2026-08-08 16:25:37,724,24.6,12,-32,1028
41,TEMP,2026-08-08 16:26:37,784,24.9,8,-24,1020
42,TEMP,2026-08-08 16:27:38,844,25.0,8,-20,1020
43,TEMP,2026-08-08 16:28:38,904,25.1,12,-36,1004
44,TEMP,2026-08-08 16:29:38,965,25.3,4,-20,1008
45,TEMP,2026-08-08 16:30:40,1027,25.5,8,-28,1024
46,TEMP,2026-08-08 16:31:40,1087,25.5,-4,-20,1016
47,TEMP,2026-08-08 16:32:40,1147,25.3,4,-24,1008
48,TEMP,2026-08-08 16:33:40,1207,24.8,4,-24,996
49,TEMP,2026-08-08 16:34:40,1267,24.5,12,-16,1000
50,TEMP,2026-08-08 16:35:40,1327,24.3,4,-12,1000
51,TEMP,2026-08-08 16:36:40,1387,23.9,12,-44,1020
52,TEMP,2026-08-08 16:37:40,1447,24.2,0,-20,1004
53,TEMP,2026-08-08 16:38:40,1507,24.5,12,-28,1012
54,TEMP,2026-08-08 16:39:40,1567,24.7,4,-32,1008
55,TEMP,2026-08-08 16:40:40,1627,24.9,8,-32,1016
56,TEMP,2026-08-08 16:41:41,1687,25.0,8,-32,1012
57,TEMP,2026-08-08 16:42:43,1749,25.1,-4,-24,1016
58,TEMP,2026-08-08 16:43:45,1812,25.3,20,-24,996
59,TEMP,2026-08-08 16:44:45,1872,25.2,8,-24,1008
60,TEMP,2026-08-08 16:45:45,1932,25.0,12,-24,1012
61,TEMP,2026-08-08 16:46:45,1992,24.6,16,-28,1036
62,TEMP,2026-08-08 16:47:45,2052,24.2,0,-20,1008
63,TEMP,2026-08-08 16:48:45,2112,24.0,4,-28,1020
64,TEMP,2026-08-08 16:49:45,2172,23.6,16,-24,1004
65,TEMP,2026-08-08 16:50:45,2232,24.0,0,-28,1016
66,TEMP,2026-08-08 16:51:47,2294,24.3,8,-32,1012
67,TEMP,2026-08-08 16:52:47,2354,24.5,0,-28,1012
68,TEMP,2026-08-08 16:53:47,2414,24.7,16,-24,1016
69,TEMP,2026-08-08 16:54:48,2474,24.8,4,-32,1012
70,TEMP,2026-08-08 16:55:48,2534,25.1,12,-12,1020
71,TEMP,2026-08-08 16:56:48,2595,25.1,8,-24,1008
72,TEMP,2026-08-08 16:57:48,2655,25.2,4,-28,1000
73,TEMP,2026-08-08 16:58:48,2715,25.0,24,-24,1004
74,TEMP,2026-08-08 16:59:48,2775,24.7,4,-28,1024
75,TEMP,2026-08-08 17:00:48,2835,24.5,0,-12,1008
76,TEMP,2026-08-08 17:01:48,2895,24.1,8,-32,1000
77,TEMP,2026-08-08 17:02:48,2955,23.8,0,-16,1004
78,TEMP,2026-08-08 17:03:48,3015,23.8,12,-36,1016
79,TEMP,2026-08-08 17:04:50,3077,24.1,8,-36,1016
80,TEMP,2026-08-08 17:05:50,3137,24.4,0,-36,1028
81,TEMP,2026-08-08 17:06:50,3197,24.6,12,-28,1000
82,BOOT,2026-08-08 17:07:31,0,NA,0,0,0
83,TEMP,2026-08-08 17:07:32,1,24.8,4,-32,1008
84,BOOT,2026-08-08 17:07:35,0,NA,0,0,0
85,TEMP,2026-08-08 17:07:43,7,24.8,8,-24,1000
86,SHOCK,2026-08-08 17:08:09,33,25.0,-32,-232,988
87,SHOCK,2026-08-08 17:08:14,38,25.0,-4,-40,1012
88,SHOCK,2026-08-08 17:08:21,45,25.0,4,-32,1008
89,MOTION_START,2026-08-08 17:08:31,55,25.0,-324,-216,1256
90,SHOCK,2026-08-08 17:08:33,57,25.0,-224,232,1400
91,MOTION_END,2026-08-08 17:08:36,60,25.1,4,-32,1004
92,TEMP,2026-08-08 17:08:43,67,25.1,4,-32,1020
93,SHOCK,2026-08-08 17:09:07,91,25.1,12,-44,1024
94,SHOCK,2026-08-08 17:09:11,95,25.1,12,-32,1040
95,SHOCK,2026-08-08 17:09:18,102,25.1,8,-80,1040
96,TEMP,2026-08-08 17:09:43,128,25.2,8,-28,1004
97,TEMP,2026-08-08 17:10:43,188,25.3,8,-40,1016
98,TEMP,2026-08-08 17:11:43,248,25.1,12,-44,1024
99,BOOT,2026-08-08 17:13:06,0,NA,0,0,0
100,TEMP,2026-08-08 17:13:07,1,25.1,24,-24,1004
101,SHOCK,2026-08-08 17:13:12,6,25.1,0,52,944
102,MOTION_START,2026-08-08 17:13:24,19,25.1,-408,168,2028
103,MOTION_END,2026-08-08 17:13:37,31,25.3,76,-28,1008
104,SHOCK,2026-08-08 17:13:39,33,25.3,-200,-120,976
105,SHOCK,2026-08-08 17:13:40,34,25.3,40,-4,972
106,SHOCK,2026-08-08 17:14:06,60,25.1,-84,-176,968
107,MOTION_START,2026-08-08 17:14:12,66,25.1,-308,-8,716
108,SHOCK,2026-08-08 17:14:14,68,25.1,-984,-476,-1484
109,SHOCK,2026-08-08 17:14:19,73,25.2,32,-328,1336
110,MOTION_END,2026-08-08 17:14:21,75,25.2,-4,-40,1008
111,MOTION_START,2026-08-08 17:15:00,114,25.1,40,-428,1656
112,SHOCK,2026-08-08 17:15:04,118,25.1,-104,-200,2116
113,SHOCK,2026-08-08 17:15:07,121,25.1,520,164,2104
114,SHOCK,2026-08-08 17:15:08,122,25.1,60,112,2192
115,SHOCK,2026-08-08 17:15:12,126,25.1,-152,-308,2148
116,MOTION_END,2026-08-08 17:15:18,132,25.1,4,-20,992
117,TEMP,2026-08-08 17:15:52,165,24.9,-24,-16,980
118,TEMP,2026-08-08 17:16:52,225,25.0,160,-456,864
119,SHOCK,2026-08-08 17:16:58,232,25.1,104,-48,920
120,BOOT,2026-08-08 17:18:28,0,NA,0,0,0
121,TEMP,2026-08-08 17:18:29,1,25.1,0,-24,1000
122,BOOT,2026-08-08 17:22:05,0,NA,0,0,0
123,TEMP,2026-08-08 17:22:06,1,25.3,24,12,956
124,SHOCK,2026-08-08 17:23:27,82,25.6,12,-16,1028
125,SHOCK,2026-08-08 17:23:33,88,25.6,8,-36,944
126,MOTION_START,2026-08-08 17:23:43,98,25.8,-480,-388,1168
127,SHOCK,2026-08-08 17:23:46,101,25.8,-252,-1160,764
128,SHOCK,2026-08-08 17:23:48,103,25.9,-484,-520,1292
129,SHOCK,2026-08-08 17:23:51,106,26.0,-576,-320,1292
130,SHOCK,2026-08-08 17:23:58,113,26.0,136,-376,1064
131,TEMP,2026-08-08 17:24:18,134,26.0,0,-32,1016
132,MOTION_END,2026-08-08 17:24:21,136,26.0,-4,-28,1008
133,SHOCK,2026-08-08 17:24:35,150,26.0,12,-28,1012
134,MOTION_START,2026-08-08 17:24:43,158,26.1,-616,-352,1632
135,SHOCK,2026-08-08 17:24:57,172,26.7,132,-116,1784
136,SHOCK,2026-08-08 17:24:58,173,26.7,256,-772,1676
137,SHOCK,2026-08-08 17:25:10,185,27.0,216,-464,1900
138,SHOCK,2026-08-08 17:25:11,186,27.0,328,-664,1836
139,SHOCK,2026-08-08 17:25:12,187,27.0,-428,-1692,952
140,SHOCK,2026-08-08 17:25:13,188,27.1,-76,-380,1796
141,SHOCK,2026-08-08 17:25:16,191,27.1,176,-344,952
142,TEMP,2026-08-08 17:25:30,206,27.0,0,-16,996
143,MOTION_END,2026-08-08 17:25:32,207,27.0,-8,-8,1008
144,TEMP,2026-08-08 17:26:30,266,26.4,4,-20,1012
145,BOOT,2026-08-08 17:40:38,0,NA,0,0,0
146,TEMP,2026-08-08 17:40:39,1,25.7,-12,-16,996
147,SHOCK,2026-08-08 17:41:40,62,25.5,16,-20,1000
148,SHOCK,2026-08-08 17:41:48,70,25.6,-292,-612,704
149,BOOT,2026-08-08 17:42:53,0,NA,0,0,0
150,TEMP,2026-08-08 17:42:54,1,25.9,4,-44,1012
151,BOOT,2026-08-08 17:43:12,0,NA,0,0,0
152,BOOT,2026-08-08 17:43:18,0,NA,0,0,0
153,TEMP,2026-08-08 17:43:19,1,25.5,-8,-28,996
154,SHOCK,2026-08-08 17:43:31,13,25.5,-8,-20,992
155,MOTION_START,2026-08-08 17:43:38,20,25.3,-704,4,760
156,TEMP,2026-08-08 17:43:59,41,25.1,-24,68,1048
157,MOTION_START,2026-08-08 17:44:00,43,25.1,-60,-756,640
158,SHOCK,2026-08-08 17:44:02,45,25.1,-28,152,1248
159,SHOCK,2026-08-08 17:44:24,67,24.8,-112,60,940
160,TEMP,2026-08-08 17:45:01,104,24.6,24,-4,992
161,TEMP,2026-08-08 17:46:05,168,24.4,-4,4,1004
162,TEMP,2026-08-08 17:47:06,228,24.4,12,36,956
163,TEMP,2026-08-08 17:48:06,288,24.6,8,-16,1024
164,TEMP,2026-08-08 17:49:06,348,24.8,20,-8,1024
165,BOOT,2026-08-08 17:49:38,0,NA,0,0,0
166,TEMP,2026-08-08 17:49:39,1,25.0,12,-28,1036
167,MOTION_START,2026-08-08 17:50:32,55,25.1,-648,-12,744
168,SHOCK,2026-08-08 17:50:37,60,NA,28,104,996
169,TEMP,2026-08-08 17:50:39,61,25.1,-12,4,1008
170,SHOCK,2026-08-08 17:50:40,63,25.1,-36,-168,1276
171,TEMP,2026-08-08 17:51:39,121,25.2,4,16,1004
172,TEMP,2026-08-08 17:52:41,184,25.3,0,12,1012
173,MOTION_END,2026-08-08 17:53:35,238,25.5,0,16,1000
174,TEMP,2026-08-08 17:53:41,244,25.5,12,8,1008
175,MOTION_START,2026-08-08 17:53:53,256,25.4,-92,-168,960
176,MOTION_END,2026-08-08 17:53:57,259,25.5,0,12,1012
177,MOTION_START,2026-08-08 17:54:01,263,25.5,-40,-216,1004
178,SHOCK,2026-08-08 17:54:05,267,25.4,64,904,428
179,MOTION_END,2026-08-08 17:54:08,270,25.3,-4,20,1000
180,MOTION_START,2026-08-08 17:54:12,274,25.3,-136,-660,840
181,MOTION_END,2026-08-08 17:54:16,278,25.3,-44,-464,892
182,MOTION_START,2026-08-08 17:54:18,280,25.3,-128,8,1012
183,SHOCK,2026-08-08 17:54:18,280,25.3,80,136,476
184,MOTION_END,2026-08-08 17:54:28,290,25.3,-4,0,1004
185,TEMP,2026-08-08 17:54:42,304,25.1,-4,-4,1012
186,BOOT,2026-08-08 17:55:13,0,NA,0,0,0
187,TEMP,2026-08-08 17:55:15,1,24.8,4,8,988
188,TEMP,2026-08-08 17:56:15,61,24.5,0,8,992
189,MOTION_START,2026-08-08 17:56:38,85,24.5,-148,-384,916
190,SHOCK,2026-08-08 17:56:44,91,24.4,52,136,284
191,MOTION_END,2026-08-08 17:56:46,93,24.4,20,-24,1036
192,MOTION_START,2026-08-08 17:56:49,96,24.4,-552,-236,556
193,MOTION_END,2026-08-08 17:56:52,99,24.4,-8,-4,1012
194,MOTION_START,2026-08-08 17:56:54,101,24.4,52,-872,964
195,MOTION_END,2026-08-08 17:56:56,103,24.4,0,4,1000
196,SHOCK,2026-08-08 17:56:59,106,24.4,8,-8,1016
197,SHOCK,2026-08-08 17:57:04,111,24.3,-8,-4,1012
198,TEMP,2026-08-08 17:57:14,122,24.3,-8,0,1000
199,TEMP,2026-08-08 17:58:15,182,24.0,0,-4,996
200,TEMP,2026-08-08 17:59:15,242,23.9,8,4,984
201,SHOCK,2026-08-08 18:00:12,299,NA,-8,-12,1000
202,TEMP,2026-08-08 18:00:15,302,24.2,24,-28,1032
203,SHOCK,2026-08-08 18:00:18,306,24.2,-8,4,992
204,SHOCK,2026-08-08 18:00:22,309,24.2,-28,20,972
205,MOTION_START,2026-08-08 18:00:28,316,24.3,-268,8,952
206,MOTION_END,2026-08-08 18:00:32,320,24.3,-220,8,964
207,MOTION_START,2026-08-08 18:00:35,322,24.3,-272,-720,732
208,MOTION_END,2026-08-08 18:00:38,325,24.3,-840,60,532
209,MOTION_START,2026-08-08 18:00:40,327,24.3,0,-8,1000
210,MOTION_END,2026-08-08 18:00:42,329,24.3,28,16,968
211,TEMP,2026-08-08 18:01:15,362,24.4,-12,8,984
212,BOOT,2026-08-08 18:13:54,0,NA,0,0,0
213,TEMP,2026-08-08 18:13:55,1,25.3,-24,-68,1044
214,MOTION_START,2026-08-08 18:14:00,6,25.3,96,152,960
215,MOTION_END,2026-08-08 18:14:04,10,25.4,16,232,1000
216,MOTION_START,2026-08-08 18:14:09,15,25.5,-480,472,-900
217,SHOCK,2026-08-08 18:14:09,15,25.5,-236,-172,2052
218,SHOCK,2026-08-08 18:14:10,16,25.5,-152,128,1948
219,SHOCK,2026-08-08 18:14:11,17,25.5,-480,-140,2100
220,SHOCK,2026-08-08 18:14:13,19,25.5,-464,-356,1952
221,SHOCK,2026-08-08 18:14:14,20,25.5,-488,-124,1880
222,SHOCK,2026-08-08 18:14:32,39,25.7,1788,900,48
223,SHOCK,2026-08-08 18:14:35,41,25.8,-668,-836,1100
224,MOTION_END,2026-08-08 18:14:42,49,25.9,-104,-40,1008
225,MOTION_START,2026-08-08 18:14:44,51,25.9,24,-728,760
226,MOTION_END,2026-08-08 18:14:48,55,25.9,8,0,1008
227,TEMP,2026-08-08 18:14:55,62,25.9,36,-4,996
228,TEMP,2026-08-08 18:15:55,122,25.8,0,-20,1032
229,TEMP,2026-08-08 18:16:55,182,25.9,-4,20,980
230,TEMP,2026-08-08 18:17:55,242,25.9,0,-4,1012
231,TEMP,2026-08-08 18:18:56,302,26.0,4,-4,1008
232,TEMP,2026-08-08 18:19:56,362,26.0,40,-32,1040
233,TEMP,2026-08-08 18:20:56,423,26.1,4,4,996
234,TEMP,2026-08-08 18:21:56,483,26.1,0,-36,1040
235,TEMP,2026-08-08 18:22:56,543,25.8,4,0,1000
236,TEMP,2026-08-08 18:23:57,603,25.6,4,24,960
237,TEMP,2026-08-08 18:24:57,663,25.4,0,-12,1012
238,TEMP,2026-08-08 18:25:57,723,25.1,4,0,988
239,BOOT,2026-08-08 18:34:10,0,NA,0,0,0
240,TEMP,2026-08-08 18:34:11,1,25.7,4,-4,1008
241,TEMP,2026-08-08 18:35:11,61,25.9,-20,4,996
242,TEMP,2026-08-08 18:36:11,121,26.0,20,-44,1048
243,TEMP,2026-08-08 18:37:11,182,25.9,-16,-16,1028
244,TEMP,2026-08-08 18:38:12,242,25.8,28,8,992
245,TEMP,2026-08-08 18:39:12,302,25.5,8,-8,1000
246,TEMP,2026-08-08 18:40:12,362,25.3,-4,16,980
247,TEMP,2026-08-08 18:41:22,432,25.4,8,-12,1016
248,TEMP,2026-08-08 18:42:25,496,25.5,0,-12,1020
249,TEMP,2026-08-08 18:43:25,556,25.6,8,-8,1016
250,TEMP,2026-08-08 18:44:28,618,25.6,52,-28,1012
251,MOTION_START,2026-08-08 18:45:25,676,25.7,64,156,988
252,TEMP,2026-08-08 18:45:28,678,25.7,680,12,712
253,MOTION_END,2026-08-08 18:46:08,718,25.8,44,8,1008
254,MOTION_START,2026-08-08 18:46:15,725,25.9,196,252,992
255,TEMP,2026-08-08 18:46:28,738,26.0,-72,12,932
256,SHOCK,2026-08-08 18:46:40,752,26.2,-64,16,732
257,MOTION_END,2026-08-08 18:46:42,754,26.1,-28,-24,1028
258,TEMP,2026-08-08 18:47:29,800,26.0,0,-12,1004
259,TEMP,2026-08-08 18:48:30,861,26.0,16,-8,984
260,SHOCK,2026-08-08 18:48:30,861,26.0,24,4,1072
261,TEMP,2026-08-08 18:49:30,921,26.2,28,-20,1028
262,TEMP,2026-08-08 18:50:30,982,26.3,4,-4,996
263,BOOT,2026-08-08 21:17:50,0,NA,0,0,0
264,MOTION_START,2026-08-08 21:17:53,3,NA,-412,204,900
265,MOTION_END,2026-08-08 21:17:58,8,NA,-412,84,900
266,BOOT,2026-08-08 21:18:02,0,NA,0,0,0
267,MOTION_START,2026-08-08 21:18:06,4,NA,-876,116,384
268,BOOT,2026-08-08 21:19:10,0,NA,0,0,0
269,MOTION_START,2026-08-08 21:19:17,7,NA,48,316,904
270,MOTION_END,2026-08-08 21:19:20,10,NA,8,180,984
271,MOTION_START,2026-08-08 21:19:23,13,NA,-60,4,964
272,BOOT,2026-08-08 21:20:20,0,NA,0,0,0
273,BOOT,2026-08-08 21:21:07,0,NA,0,0,0
274,BOOT,2026-08-08 21:30:39,0,NA,0,0,0
275,MOTION_START,2026-08-08 21:30:42,3,NA,-228,-424,888
276,MOTION_END,2026-08-08 21:30:44,5,NA,-184,-444,896
277,BOOT,2026-08-08 21:34:39,0,NA,0,0,0
278,BOOT,2026-08-08 21:35:20,0,NA,0,0,0
279,MOTION_START,2026-08-08 21:35:23,3,NA,588,256,740
280,MOTION_END,2026-08-08 21:35:25,5,NA,596,260,752
281,MOTION_START,2026-08-08 21:35:36,16,NA,680,28,740
282,MOTION_END,2026-08-08 21:35:45,25,NA,456,-696,412
283,MOTION_START,2026-08-08 21:35:46,27,NA,376,-592,768
284,MOTION_END,2026-08-08 21:35:52,33,NA,-272,-804,552
285,MOTION_START,2026-08-08 21:35:55,35,NA,-308,-652,708
286,MOTION_END,2026-08-08 21:35:57,37,NA,-324,-648,716
287,MOTION_START,2026-08-08 21:35:59,39,NA,280,-252,868
288,MOTION_END,2026-08-08 21:36:06,46,NA,200,-216,956
289,MOTION_START,2026-08-08 21:36:09,49,NA,400,100,732
290,MOTION_END,2026-08-08 21:36:13,53,NA,108,396,860
291,MOTION_START,2026-08-08 21:36:20,60,NA,112,-44,1012
292,MOTION_END,2026-08-08 21:36:21,61,NA,160,12,948
293,MOTION_START,2026-08-08 21:36:32,72,NA,948,-256,48
294,MOTION_END,2026-08-08 21:36:41,81,NA,-408,-84,908
295,MOTION_START,2026-08-08 21:36:44,84,NA,-188,408,776
296,BOOT,2026-08-08 21:36:45,0,NA,0,0,0
297,MOTION_START,2026-08-08 21:36:47,2,NA,0,60,960
298,MOTION_END,2026-08-08 21:36:49,4,NA,68,-80,936
299,MOTION_START,2026-08-08 21:36:50,5,NA,276,-288,912
300,MOTION_END,2026-08-08 21:36:55,10,NA,372,824,220
301,MOTION_START,2026-08-08 21:37:02,17,NA,312,532,568
302,BOOT,2026-08-08 21:38:42,0,NA,0,0,0
303,MOTION_START,2026-08-08 21:38:52,10,NA,-544,228,760
304,MOTION_END,2026-08-08 21:39:00,18,NA,-508,-60,876
305,MOTION_START,2026-08-08 21:39:04,22,NA,-260,-504,800
306,MOTION_END,2026-08-08 21:39:20,39,NA,-244,200,932
307,MOTION_START,2026-08-08 21:39:26,44,NA,-368,336,832
308,MOTION_END,2026-08-08 21:39:27,45,NA,-392,316,832
309,MOTION_START,2026-08-08 21:39:38,56,NA,-544,416,664
310,MOTION_END,2026-08-08 21:39:50,68,NA,-492,424,700
311,MOTION_START,2026-08-08 21:40:04,82,NA,-168,-220,896
312,MOTION_END,2026-08-08 21:40:08,86,NA,-84,356,908
313,MOTION_START,2026-08-08 21:40:10,88,NA,-128,-36,1052
314,BOOT,2026-08-08 21:42:46,0,NA,0,0,0
315,TEMP,2026-08-08 21:42:47,1,30.7,-512,68,868
316,MOTION_START,2026-08-08 21:42:49,3,30.7,-804,172,544
317,MOTION_END,2026-08-08 21:42:51,5,30.7,-836,116,524
318,MOTION_START,2026-08-08 21:42:54,8,30.7,520,1408,468
319,SHOCK,2026-08-08 21:42:59,13,30.7,456,784,1400
320,MOTION_END,2026-08-08 21:43:01,15,30.7,-608,8,804
321,SHOCK,2026-08-08 21:43:04,18,30.7,-676,-80,740
322,MOTION_START,2026-08-08 21:43:07,21,30.7,264,76,1068
323,TEMP,2026-08-08 21:43:48,62,30.4,-232,232,992
324,MOTION_END,2026-08-08 21:43:49,63,30.4,-244,236,916
325,MOTION_START,2026-08-08 21:43:52,67,30.5,-456,84,948
326,SHOCK,2026-08-08 21:44:11,86,30.5,872,120,1760
327,SHOCK,2026-08-08 21:44:12,86,30.5,1148,-260,1624
328,SHOCK,2026-08-08 21:44:17,92,30.4,940,-1404,920
329,MOTION_END,2026-08-08 21:44:20,94,30.3,52,-404,908
330,MOTION_START,2026-08-08 21:44:21,95,30.3,172,0,940
331,SHOCK,2026-08-08 21:44:25,99,30.3,268,840,1664
332,SHOCK,2026-08-08 21:44:26,100,30.3,-44,372,1728
333,MOTION_END,2026-08-08 21:44:30,105,30.3,-172,276,920
334,MOTION_START,2026-08-08 21:44:36,110,30.3,160,-96,912
335,SHOCK,2026-08-08 21:44:39,113,30.2,912,-96,1836
336,SHOCK,2026-08-08 21:44:40,114,30.2,1104,532,1528
337,SHOCK,2026-08-08 21:44:41,115,30.2,448,460,1336
338,TEMP,2026-08-08 21:44:49,124,30.1,-144,116,1016
339,MOTION_END,2026-08-08 21:45:00,134,30.3,-644,-448,608
340,MOTION_START,2026-08-08 21:45:09,144,31.1,64,-356,1024
341,SHOCK,2026-08-08 21:45:23,157,30.6,-784,-1488,920
342,BOOT,2026-08-08 21:45:31,0,NA,0,0,0
343,TEMP,2026-08-08 21:45:32,1,30.5,-148,-580,808
344,MOTION_START,2026-08-08 21:45:35,4,30.5,72,-556,816
345,MOTION_END,2026-08-08 21:45:37,6,30.5,-108,-500,892
346,MOTION_START,2026-08-08 21:45:41,10,30.5,-360,-728,292
347,MOTION_END,2026-08-08 21:45:52,21,30.3,492,896,-152
348,MOTION_START,2026-08-08 21:46:00,29,30.2,708,568,496
349,MOTION_END,2026-08-08 21:46:06,35,30.1,584,196,772
350,MOTION_START,2026-08-08 21:46:10,39,30.2,492,-204,904
351,SHOCK,2026-08-08 21:46:13,42,30.2,1052,920,1484
352,TEMP,2026-08-08 21:46:32,62,30.1,-408,140,1004
353,MOTION_END,2026-08-08 21:46:51,80,30.1,-36,124,1012
354,MOTION_START,2026-08-08 21:46:53,82,30.1,8,-296,996
355,SHOCK,2026-08-08 21:46:58,87,30.0,156,-920,1636
356,SHOCK,2026-08-08 21:46:59,88,30.0,-20,-1324,1536
357,SHOCK,2026-08-08 21:47:00,89,30.0,100,-1076,1576
358,TEMP,2026-08-08 21:47:33,122,30.0,16,76,568
359,BOOT,2026-08-08 21:47:52,1,NA,0,0,0
360,TEMP,2026-08-08 21:47:53,1,30.1,-228,0,972
361,MOTION_START,2026-08-08 21:47:57,5,30.0,88,-88,1028
362,SHOCK,2026-08-08 21:48:05,13,30.0,1048,-328,1128
363,MOTION_END,2026-08-08 21:48:15,23,30.0,-324,40,896
364,SHOCK,2026-08-08 21:48:18,26,30.0,-344,84,948
365,MOTION_START,2026-08-08 21:48:22,30,30.0,-504,488,956
366,SHOCK,2026-08-08 21:48:25,33,30.0,-656,-784,672
367,SHOCK,2026-08-08 21:48:26,34,30.0,-184,-436,1172
368,MOTION_END,2026-08-08 21:48:29,37,30.0,-560,-144,828
369,MOTION_START,2026-08-08 21:48:32,40,30.0,-408,-8,936
370,MOTION_END,2026-08-08 21:48:34,42,30.0,-404,-56,912
371,MOTION_START,2026-08-08 21:48:35,43,30.0,-660,-8,708
372,SHOCK,2026-08-08 21:48:36,44,30.0,548,248,2072
373,TEMP,2026-08-08 21:48:53,61,29.9,-64,-172,964
374,MOTION_END,2026-08-08 21:49:32,100,30.0,-612,228,752
375,MOTION_START,2026-08-08 21:49:41,109,30.0,-540,64,864
376,MOTION_END,2026-08-08 21:49:53,121,30.0,-292,-156,908
377,TEMP,2026-08-08 21:49:53,122,30.0,-324,-136,904
378,MOTION_START,2026-08-08 21:50:08,137,29.9,-376,368,816
379,MOTION_END,2026-08-08 21:50:17,145,29.9,156,-572,860
380,MOTION_START,2026-08-08 21:50:25,153,29.9,-200,-76,1056
381,BOOT,2026-08-09 07:32:31,1,NA,0,0,0
382,TEMP,2026-08-09 07:32:32,1,28.5,-552,140,828
383,MOTION_START,2026-08-09 07:32:33,2,28.5,-580,156,800
384,MOTION_END,2026-08-09 07:32:40,10,28.6,-368,-20,912
385,MOTION_START,2026-08-09 07:32:43,12,28.6,-236,28,984
386,MOTION_END,2026-08-09 07:32:45,14,28.6,-260,-4,932
387,MOTION_START,2026-08-09 07:32:53,22,28.6,-744,-160,608
388,BOOT,2026-08-10 00:35:21,1,NA,0,0,0
389,TEMP,2026-08-10 00:35:22,1,31.1,20,-44,1000
390,MOTION_START,2026-08-10 00:35:32,11,31.1,64,664,748
391,SHOCK,2026-08-10 00:35:35,14,31.1,112,-12,188
392,MOTION_END,2026-08-10 00:35:37,16,31.1,12,-76,1008
393,TEMP,2026-08-10 00:36:22,61,31.1,12,-60,996
394,TEMP,2026-08-10 00:37:22,121,31.1,16,-56,1000
395,TEMP,2026-08-10 00:38:23,183,31.0,76,-160,980
396,SHOCK,2026-08-10 00:38:44,203,31.1,32,8,996
397,TEMP,2026-08-10 00:39:23,243,31.1,-8,12,1036
398,MOTION_START,2026-08-10 00:40:06,284,31.2,8,88,1008
399,MOTION_END,2026-08-10 00:40:07,286,31.2,8,88,984
400,TEMP,2026-08-10 00:40:24,303,31.4,28,32,1016
401,TEMP,2026-08-10 00:41:24,363,31.6,4,4,1008
402,MOTION_START,2026-08-10 00:42:01,399,31.5,16,-220,956
403,MOTION_END,2026-08-10 00:42:03,402,31.4,16,-16,1016
404,TEMP,2026-08-10 00:42:24,423,31.3,12,16,972
405,BOOT,2026-08-10 00:45:40,1,NA,0,0,0
406,TEMP,2026-08-10 00:45:41,1,31.3,4,0,1000
407,TEMP,2026-08-10 00:46:41,61,31.3,12,-4,1004
408,TEMP,2026-08-10 00:47:41,121,31.1,8,8,992
409,TEMP,2026-08-10 00:48:41,182,31.0,20,-8,1012
410,TEMP,2026-08-10 00:49:42,242,31.0,16,0,992
411,TEMP,2026-08-10 00:50:44,304,31.0,8,8,988
412,TEMP,2026-08-10 00:51:44,364,31.0,8,-8,1004
413,TEMP,2026-08-10 00:52:44,424,31.1,16,-28,1028
414,TEMP,2026-08-10 00:53:44,484,31.1,12,-4,996
415,TEMP,2026-08-10 00:54:45,544,31.0,4,-24,1020
416,TEMP,2026-08-10 00:55:45,605,30.9,4,-4,1004
417,TEMP,2026-08-10 00:56:47,667,31.0,0,12,996
418,TEMP,2026-08-10 00:57:47,727,30.9,0,0,996
419,TEMP,2026-08-10 00:58:47,787,31.0,16,-8,1004
420,TEMP,2026-08-10 00:59:47,848,31.0,0,-12,1012
